plate,phone
FCH034,0474321195
CTV097,0495772811
FEG626,0478602691
HRE674,0475845851
EBJ635,0478602692
HAC026,0423462724
HCM264,0425092411
GOM291,0498765748
NNT779,0449867007
OEH473,0448909139
LQX117,0489838339
XEI333,0429367370
IJZ323,0419894131
TFZ665,0414211273
SZS705,0404142192
EHC341,0463772313
ILW127,0467993035
LDO159,0444309706
YVT646,0498197774
WLI394,0426528502
LRP643,0428115381
XFR422,0447999434
ADE790,0496735991
IWE081,0426190973
CIC953,0491472222
UJQ917,0452915346
WAO404,0408303476
GUW880,0452883247
RCD856,0473706969
HDK665,0477508447
EVG522,0401959097
MAN805,0474189330
UAH708,0453727351
LNM171,0487499964
ITC573,0432699401
AFG382,0449565649
STF183,0441993456
KTD383,0438641082
LSM750,0410143243
OFB120,0429207166
IGH030,0453018698
DDC526,0460612709
AZC794,0449801484
LBI735,0403654225
BAK880,0484716678
XBS950,0434310441
PEZ261,0477046027
YSA199,0456456332
SIL135,0427433037
TVC073,0481590943
KQF186,0405219982
QSA693,0447480246
XDG388,0442462347
EAM404,0437940795
ILM964,0402464773
OKA114,0468123632
DEQ378,0426210927
DMB146,0489088869
PRW990,0437822581
BAW761,0446282162
ROA143,0456320670
HVM382,0410314673
JBZ822,0402050623
KPD156,0472031035
FYA105,0485167779
KRF432,0463226145
QXI952,0487338683
FDK627,0452746818
WYU675,0489632673
UHO325,0472268466
ADC054,0466563494
CBR935,0414339440
UQM344,0492605136
EBE771,0445242662
XKI441,0410502031
AYV201,0499051652
ZYP183,0457126243
OZE089,0449219989
MOV926,0453485311
RSJ215,0423671260
LSR328,0422323308
NXS013,0482583178
OJT726,0422740606
TQD801,0493802962
BAS467,0496653357
BUB404,0468125816
TYK467,0454116209
ATE401,0456201138
NSF734,0498697201
REB131,0463724633
RIM663,0472723824
RSA943,0480182048
GLE866,0401150443
UEK706,0432855501
WYT551,0446282854
OQK257,0472326282
HCE845,0433826016
POG956,0432423714
XGU308,0496168923
MZJ726,0485756272
DNW465,0457935691
GGL508,0451461824
PCP883,0429835003
ZON309,0477503737
UNS463,0435732670
PMG406,0459166229
LPM651,0414472335
XZE846,0461315202
PMN062,0468991900
KER894,0488749673
BWH824,0476522159
DIQ156,0498880517
GZO455,0495757232
BUG009,0490178559
WNW912,0450376511
DSM853,0479330224
XSN128,0446371869
XRS239,0448480483
QVB240,0454512547
QQZ957,0489126529
DWH574,0461028708
OWR077,0403252950
ODX314,0411978839
ZKT796,0490187505
WAO430,0404885661
DAS521,0464354301
EFC729,0420433103
BUY117,0444715367
KME119,0440825660
NJY755,0490550994
IMT107,0424031743
AJN198,0446790833
MNS863,0422274941
IYW769,0490390749
EMJ992,0472895830
VZQ936,0414441265
XWO530,0464033448
XLF216,0478643235
WEV831,0434768918
MDG456,0404512500
VSQ034,0442372660
FKN048,0450519059
YQQ504,0487826148
QGL274,0450358288
HQV401,0473690687
SJI584,0476161532
MDY752,0429335209
GNA342,0414421902
OYB723,0421622917
SFH447,0416809434
RVM636,0473792421
DYV273,0416931587
VEZ233,0404841744
HOH156,0463997825
SBO128,0486824270
GZZ330,0475109609
KUJ549,0469076875
FOC599,0410983174
KLN150,0496886351
MUZ902,0456070444
QPX271,0410131336
KQF262,0407701830
JBH401,0416755931
CLQ846,0498732419
FVW080,0478949350
GYZ066,0482445578
HUP239,0410352720
OSG259,0422515622
PNZ829,0419234192
WEJ717,0449935659
TFO821,0471158308
AMD197,0440529203
DNY445,0439293682
LCB256,0493306787
WAZ644,0499457796
UPI519,0401974550
HEE559,0444594077
LEN456,0463565027
ACM728,0423391023
RBY650,0499962493
HMG033,0477254829
MFG910,0406988212
PNN030,0479383915
KHU460,0493574958
RVQ556,0480829398
YIG423,0423819402
NNR278,0451018847
MXH087,0491887617
CGB511,0496063650
CTP362,0448830932
BZG102,0493163117
LFN217,0412872114
UTL680,0489238575
NIL445,0459743024
AAQ304,0471352097
HCC200,0464964591
YVY168,0496365713
OSB006,0415782656
ZSW509,0437395644
VYB324,0479002058
NUJ299,0474991194
TNH621,0411094277
MYX081,0499596818
JCP089,0464544861
GJP103,0498942246
AQK452,0485589408
FUT926,0469175044
QWK167,0457097553
UZG778,0422532388
FVQ636,0454556433
LFY449,0478919813
KKS139,0436707070
QEJ640,0404253660
GAZ634,0482390965
QEP445,0419588449
FHB140,0470600135
VTA250,0429852367
VRE148,0428378917
QUL173,0463662525
YZO684,0450318247
YSJ018,0449476935
WNQ217,0418197335
FHW828,0476773698
NFV577,0418179314
XAT223,0484805490
LRD629,0414161827
INB219,0447126235
HLT819,0463349237
UTQ650,0422874214
AJU219,0481359383
VDS543,0463309664
QTB868,0400456304
KUE492,0411638636
BBF360,0487340010
HHC293,0477043264
UUE046,0422040947
DCU947,0415377969
WWB007,0409512053
HLR776,0447052937
DBU116,0437333311
ZNQ357,0481740604
HAF612,0403943346
PVX108,0479350534
OLF958,0409209709
JEW943,0439633634
MXO947,0498790300
YTY399,0441267236
RAV517,0475048945
OOV882,0437621946
TMJ183,0406699603
GPV094,0486691654
VAP125,0421802327
AMP442,0401105420
NCB333,0413668240
SUK588,0485155587
SSO670,0436223603
DRH744,0438821966
ICC848,0401357581
PXZ877,0436542758
FEF704,0403029646
ZKI550,0487389499
PXB104,0448093510
TFR600,0443265714
NCI817,0454216105
GLC150,0484816012
DMV988,0413235135
CXC213,0441060482
NJJ551,0471218206
CPW620,0435216662
LXO918,0490080747
BND311,0478873233
QZJ126,0484069750
SFQ363,0481152947
JIR428,0476461200
QNF226,0439167293
ICV731,0494092679
EEN471,0462113573
OZQ112,0436078207
DQT954,0487701681
IBJ820,0476743934
FMZ962,0430698215
TOG171,0446118244
BYH794,0464336458
LPM225,0440232173
AIH723,0473960220
XRR092,0455996882
BJW656,0479800640
SJY936,0474484120
DIQ641,0496518202
JHH452,0499336469
FRM803,0484164400
IWW297,0413940560
VGV717,0470008223
PQT486,0422200454
EFN895,0411287543
RLB697,0441093356
AGT855,0404701172
JWQ151,0400852490
HIM295,0410678515
MNG526,0441458544
HYP903,0417746045
HJO831,0472126750
JZJ951,0436917951
ZOG325,0432543270
YZR087,0439980538
NMW017,0476027869
ZDR958,0413088506
LDB312,0495462042
ZIY844,0454388696
FYZ924,0444535160
XHT820,0496839819
AWN648,0410296524
BVL879,0470642437
LHJ978,0466718496
LDV497,0459001647
NZN855,0467420933
LIQ015,0407772063
SNN058,0475788043
NSM170,0428931903
OWS689,0456276126
VZG613,0499385657
VQZ962,0494334786
LAL180,0452598998
JOG389,0477647147
XDB570,0466567286
BXM123,0478670872
SBO830,0422731144
ULO415,0489656357
KPK617,0429142161
DVX152,0401575182
BCB035,0419063312
FZN013,0439346786
AXT233,0439953166
CYO395,0457785366
PZJ400,0417606622
KXJ794,0444357649
BBP533,0450155332
XZQ218,0467938603
JUP156,0451128823
SRM219,0472705489
FBK162,0466641068
MQY428,0495795033
RRO678,0445866192
CSP874,0412977484
CXS762,0468686541
JVK170,0444146344
VQD902,0493364572
GKY093,0414219069
VHY944,0491260133
MEW403,0415991070
EQJ144,0419191391
VUE948,0446590849
OIG317,0465081668
XVJ320,0492020541
WFG804,0403143247
MAU547,0454432887
PNE638,0470584685
TTW609,0465260605
RKB315,0469936240
LZG546,0406891828
NTE145,0465183310
HSA835,0493379688
INT408,0497047334
MDN808,0438990413
RHX544,0400033515
NQL528,0415686430
VUK166,0485351663
SHS778,0407182905
NWT886,0458253810
MRS275,0489003693
EJZ968,0425043739
ZNE379,0405175344
FTU354,0482262108
XTI567,0463434638
CUN980,0410178969
DGE678,0485415878
YML196,0434288205
YYL673,0425489264
VGN803,0407455210
MDO434,0443683904
SVN845,0432537794
GSP598,0438812353
OZF530,0457230531
JVI847,0487512464
SOY639,0473163477
MQN838,0467440501
MSE044,0448367660
TZQ933,0493235303
XGR992,0467338689
SRH836,0425038812
JEC488,0469129920
ZLZ863,0487373180
CIC502,0465205810
UZA151,0471265461
SPW528,0446178031
KYG023,0421388010
VQV689,0435278768
CXK368,0417138995
GPT798,0420872206
YVK797,0452051763
UDE713,0499739517
TYT869,0455563709
XCK428,0491289277
DWF771,0425226427
OSC151,0414660163
ERQ091,0472798212
OLO471,0402907266
YTK430,0458124110
YHZ937,0441790282
BCT945,0476280282
FJE454,0432309982
KDM471,0453099288
RQK546,0400832883
ZKA049,0402860635
GHP923,0479762325
OVJ323,0415987970
NYZ517,0462089210
MBN641,0412945432
PNX048,0412397613
EWT587,0466442921
ZEN467,0428007620
QCA300,0483177088
CHE902,0414006228
ZJU053,0457974318
IKV462,0437435185
LGF162,0462337773
KPL361,0405162084
DZH468,0401214746
RHA743,0435084161
MOQ589,0455037471
RDD708,0419137418
TPH423,0422175348
ICN008,0415824082
YCP735,0411920555
MJN071,0441307457
DOQ016,0449103931
UXX038,0461710250
QZY336,0436696504
SVL932,0455734201
SDZ886,0483726277
NQB245,0453874550
RUM589,0425600784
UNX323,0435314903
JUJ341,0453162464
WEQ477,0480871172
DPJ345,0421305243
QJT681,0471149537
YMW941,0499731305
VDZ110,0482369803
WXM017,0441601972
PYH410,0473097318
YCV508,0403362290
JRF184,0448580199
LNH424,0495974961
AOL822,0409268328
CVN443,0476028165
OYX218,0414931257
TIA875,0452916173
ROS535,0489567664
XDL951,0445375236
ANH798,0450216179
DZU146,0452225975
IJY894,0418521814
JTQ248,0499766854
VBR175,0413814660
ZWD477,0413616808
TZW020,0498706582
LRO318,0414244444
WLE432,0413269386
GNH537,0443717048
WIU011,0469922810
SFN032,0445031817
NLN785,0402886152
RQV868,0421660242
HQI988,0451737905
MKG075,0411406863
TCU934,0473100837
KIK822,0479538829
PHT047,0449774146
UJQ689,0461465788
RTA996,0474673250
WUK119,0478424199
XVE865,0485244994
NGK424,0415736271
FYJ233,0460735857
AHD208,0404554960
MKP201,0475756391
ZYC627,0423658415
RPC279,0454221789
YQR533,0476530912
TPL134,0436381319
XVZ807,0477012287
DSY496,0458606601
QDD223,0437015396
TJN880,0439512191
PFB841,0441868577
BJC392,0435232159
ZVJ412,0458818126
ZEY299,0440170589
XKJ542,0487187965
SBX707,0498688617
WGE032,0485560019
HKF840,0479974611
XHZ472,0402834115
IBA782,0482468315
TUX137,0414880666
JFZ697,0469437119
DXG217,0480180474
PHK310,0482644172
ZHT983,0456504072
NZE703,0481770605
MXO097,0434112801
FME471,0491237443
TTU002,0460734244
HJP956,0445096421
JHH086,0430160203
PMT917,0478631450
HZT976,0455441646
GYR524,0455956290
WOZ910,0411648004
ZIB201,0491773148
SLO740,0468343923
PST442,0401432861
AUR665,0458440106
FXS093,0484083274
DWA729,0424037288
BYN650,0472002832
GPH416,0466756381
TKS339,0476054289
OZN370,0476203489
BFV558,0423955930
HFV112,0402245805
JRV191,0428666359
JDP261,0470146293
WNX526,0479141711
EYI978,0438335403
KBY446,0461559414
ZFW184,0476151589
NUM356,0401974725
JFU976,0435348509
UDN409,0416181831
WTV776,0481821374
HPJ516,0459522493
HBO836,0477304175
JCL615,0419752260
VMW705,0487755491
ERU474,0463606570
AFD764,0432332988
LIK446,0455370754
OSL892,0440342470
BAV008,0420790981
ENY310,0412390966
RIE063,0494519837
UUO854,0484611834
BWR441,0452922698
WWQ689,0420774525
NLX921,0438565096
TWO898,0479574502
JXK636,0479513887
NRD553,0457355546
ABA169,0413499256
UDP465,0422941290
TZM641,0465653377
EQP837,0422386629
YCC179,0493243642
ORQ108,0438822271
MKL919,0430394172
QTC376,0420068382
NKT885,0450271958
FRF508,0427022353
YSJ435,0419594647
QAM830,0445528197
OVO563,0488722507
VJQ290,0492971487
DMA572,0453188001
NGC357,0474137206
JQH193,0428771457
YHA244,0490532993
FMG176,0418766089
MWM583,0411416442
SZA490,0407087979
BLD412,0430998297
KPV421,0499612507
DUD269,0441733352
NOG379,0487106033
QPI724,0459570318
NDD819,0499812600
OLH263,0459403749
TJE739,0405258991
OHE293,0445312916
WND791,0485418372
RCA356,0421487985
YIC346,0408581903
HKC949,0429427268
DPM919,0435103353
TBG206,0490796707
YIX849,0438130913
CHU946,0429967876
FLX433,0422109260
SKO367,0464924859
ELX371,0475183436
WDG277,0485817663
KDA609,0457200839
MBP760,0471704915
AZT649,0485315134
XRD063,0409933665
MDW141,0474165318
TNK325,0411512368
GTD188,0436968625
TFF013,0422539102
JLS122,0457886776
XRL857,0495487796
BAQ830,0460424537
TSM684,0439642156
RHV829,0440036645
HEK334,0439423244
UCS095,0466440534
LPO124,0488075414
ILP269,0485548132
ZQN869,0443640753
AED208,0481780559
VUK477,0466877540
DHS734,0422486096
CVV764,0470556979
ZQP330,0456784172
SXU711,0474377152
EYI970,0432512388
STH866,0447986316
EMU157,0480143061
VEK203,0495109414
DDK808,0401634975
UGX666,0403087917
SNT157,0493664645
AMQ047,0418199095
UNE271,0484815788
CHK330,0460179707
UPR073,0466090348
MHO819,0440123052
JEM978,0465933709
VKT474,0480813283
FMS536,0474839789
PLS101,0483639796
OFH780,0488709562
OMJ678,0469326601
WMY600,0438641653
LHO335,0441347048
LCP357,0418982544
HEH003,0449025955
YYP078,0458580640
HGA503,0465057643
PSV447,0417922753
YBF067,0481043977
YIS102,0480853462
ENU557,0464422858
EBL578,0444741195
WDG269,0415901661
MWU677,0427227239
BNS692,0421854218
ZFH809,0413769731
LGJ755,0488682928
EUV074,0418811633
HJY025,0497776207
RXJ150,0460023575
ENA044,0493804011
ZTF298,0497798320
LSF156,0403973373
ISH311,0480767284
VZS425,0475918376
PVW063,0458340280
FWO953,0426904699
CHL822,0427432871
XFD007,0430940412
PPC377,0434369377
VPH321,0421739521
SAB555,0478458684
SXI651,0444605860
GFT371,0476198800
CAD925,0450695345
FAU424,0464194874
VVM228,0467203155
JGJ084,0425733863
VRF097,0463684914
NIY829,0454133481
FOK856,0487384872
ORU186,0475457670
DOG488,0416233486
FGT381,0476035531
LLF760,0445000666
UZK643,0455231445
WRQ178,0456021235
GMN524,0456134300
LAP720,0481721738
VWL775,0436895260
MTG783,0493329514
HIP727,0459503146
PEM231,0499969658
KXM474,0407008921
OVK998,0424019471
VOM660,0495156521
GPA618,0451805851
EVE979,0407892912
TKW955,0405470118
OMB894,0437463384
SHU489,0461129735
IWY544,0483034223
TVY547,0468854554
FVH425,0455391417
GLL890,0401914207
OVI422,0422273817
AMQ683,0413641767
EFE346,0430839648
NRD279,0464331420
WTP684,0412261606
MKI189,0402714612
YGA005,0437325694
FTA912,0415699505
APY886,0473340171
MDI532,0406961086
GSX585,0419075462
QWC742,0484419868
YGJ939,0459355117
EJT163,0445860245
QYI541,0492242644
HWD276,0457509267
GBD818,0449405637
KWD776,0422841298
MOY972,0416579524
PQC769,0437291023
IFD320,0435003360
BWS538,0450635139
DVH015,0433089481
JBH621,0454262091
FCB289,0470401196
AKW518,0442450460
AMF673,0468972344
DBR384,0450760174
TJO531,0442695765
KSM373,0466465323
WNF078,0415591185
BZJ068,0485356056
FNT581,0416491903
HWY294,0427750356
NPT116,0462326549
AHH378,0420309399
VIB406,0461336510
JYF355,0461887203
OTV585,0436964984
CSD372,0424763999
UOL956,0470451251
TYP417,0494162791
UKA523,0417816511
OFH317,0434068562
OVW399,0484640630
IYJ105,0479267778
MVO178,0449891642
WKT005,0413152003
YWY982,0461620710
NMY388,0496454815
VXS476,0418816254
TXD675,0467303619
HWV442,0454777942
TLF619,0413517057
JMR493,0444118617
GCR880,0421163407
GEK690,0480411534
QUN122,0407398150
HFP370,0450925422
HZE649,0493403482
UGX245,0475620660
TSA749,0462293147
JRT983,0454948249
RSU141,0465034074
KEU804,0401117577
ARO890,0484325301
OMI890,0415518846
YTM962,0487911353
TIX172,0479033660
FMZ829,0471837583
NTZ596,0472519050
CTG821,0437404358
XCM827,0495049439
CTP659,0443736612
BUK700,0411634250
PCV845,0429298273
CNQ594,0400319952
JHD059,0496919855
LFF329,0401511904
NOC978,0479275359
WXF426,0477756828
NTT176,0451476314
WCQ833,0462460954
AZZ293,0453199777
IBC670,0429455539
SAX771,0455935183
KNO102,0463385896
TPQ911,0403837466
WOR003,0439225955
ZLI952,0468192819
WYT599,0459762313
OMA214,0487485508
EHP387,0497801201
SQP109,0449040229
LOM270,0463817856
XWK735,0493708007
DDR809,0404167067
OEF657,0484818413
FNU660,0489596998
GWM413,0464022589
AAH939,0462483050
SBV688,0449884630
VLM825,0458077583
JSH604,0443924270
XLZ595,0402676799
JSR527,0480943473
ERB012,0466212630
FSS947,0462273732
XZU874,0466865415
ZFS960,0407137788
CIK560,0437828029
JAJ277,0406968618
BHV880,0454249947
GZF642,0490856814
ZWB706,0499187997
IWP816,0454312203
XBZ201,0464254437
OHC040,0476059174
KKV658,0496007554
BDW156,0491536191
RKX903,0490959455
CPK878,0409092921
PHG499,0466974742
NON829,0430066754
BYI977,0488395879
RUB693,0469819598
VLZ410,0413695752
SMA939,0460878521
ZJP029,0454856046
SJL515,0424311617
BUJ153,0422430412
BFR021,0406451912
MGT244,0499012514
EMB618,0407938123
VEE517,0407008078
UXF375,0472991475
SDN598,0451403493
PDJ852,0450022687
OJY154,0421428974
LLM496,0416602986
ZGS539,0452119749
JKN073,0405085951
HVG985,0477710849
IZV544,0443911417
CJS133,0413535434
TGS989,0477933203
XGN476,0441449256
ULL883,0480811825
EIY487,0459277379
XUM990,0408609877
CFO694,0406931633
BYO721,0497756862
VKD476,0495215706
XBJ152,0402849919
KMC833,0433370897
EEV539,0465916433
VOB355,0477132274
FRS335,0428007679
OPD621,0422539802
WKH928,0466234394
WCX894,0469698676
JRG799,0481959304
YFB504,0402793093
OMX427,0463579326
RPW765,0491756531
HKZ002,0456092361
ZMA660,0444661643
WKA256,0425939675
CWT090,0435109174
PHC404,0402105998
QYA192,0420222311
TBA805,0434887933
BCR053,0471915965
LSB759,0476419465
FQN161,0427034117
IAR815,0422453335
PXM009,0444986453
RZJ850,0425582033
RRA822,0486524554
YON451,0413949844
EQH692,0490406075
IYF654,0430293893
AAY534,0443219511
MNT644,0438674319
SUZ701,0478294129
PUL173,0453205150
OCZ936,0472114278
SWR359,0450042913
VEY709,0438151032
FZV367,0450078852
HRF485,0407925373
BJE003,0427889191
OJK608,0430533684
DZT909,0415272052
FJX883,0402373192
XLI838,0460961474
KAO749,0413842835
ZVI344,0453163372
OPL690,0477365249
PAK529,0460608251
YTQ514,0406557078
SCW942,0434141238
KLV548,0461387998
SAX026,0437946433
NSG639,0498433334
DAF801,0410014714
KEU434,0494170468
OQN710,0426745539
JAH289,0446726230
ESL085,0479355534
MAW354,0499908109
MPC300,0436437020
XXN383,0495634964
RRV439,0415336411
AXL440,0426263613
VOW767,0479245941
NBI361,0461475597
TWC205,0463990340
OQT280,0496569285
HRU997,0498047675
RZJ176,0448017785
HZT713,0477971554
PTI893,0490381480
PKV532,0483150617
IVZ588,0485759686
UZY113,0462133121
SBO059,0405510722
GHN205,0477277563
DYK382,0457172088
EXP688,0491577747
PTI196,0493414054
KOH563,0484253633
XAS586,0495578248
JBM273,0443697332
KQP243,0495970679
IIT419,0459403309
UEX753,0480766826
LZR741,0463096159
VSK433,0466218120
BJV291,0460175061
BTZ711,0414381121
CCU305,0496856840
FUH352,0465267483
GOD037,0409384763
QUF811,0442005332
PBP013,0495577796
MSR482,0404753222
SSJ963,0488835032
MXH338,0485755270
GVY195,0425037022
NUU599,0469552241
OAE373,0460377394
CPY633,0484507225
MFJ884,0471085139
JIK921,0437069615
EEK942,0423278712
JUA331,0419524114
RTO441,0442764137
LJV650,0400026070
EYD616,0432174443
GVD878,0471183709
EVJ291,0467317908
DST950,0440827722
YGX730,0430042039
RIH443,0434304356
BUI969,0408608155
WRO688,0404392547
PWA415,0440846843
NQJ561,0425648298
XXO390,0414577956
FOV305,0403978827
RPR228,0466423595
MRH185,0476737395
FNA866,0489767121
KVX766,0444840766
BDT367,0463979970
LFP285,0492057582
WDF964,0427448177
DJC241,0477533968
SER566,0484848097
NZL650,0445993693
IDR980,0458545910
WHT200,0445208236
BUG875,0490027306
GPB191,0499149027
FGM851,0469972668
ETQ538,0462944262
SNQ399,0476968774
JEV558,0475450912
RGU437,0424182340
WZO230,0496989482
BVQ328,0410943777
LIW399,0443575108
VKU817,0492682949
TWH472,0429262765
ZPO507,0425857415
QVL800,0414902844
MNT423,0448326594
QQT734,0457697302
TDV212,0433536343
VFL568,0427270012
DTN915,0474540536
SGC220,0408916381
GZV391,0461270913
NXF003,0469350533
GWB368,0474503199
BKS154,0403781304
IJF609,0406697939
EUJ666,0436468094
GTZ976,0476488441
TTN465,0446870449
QJW094,0445990344
YZK849,0498595032
JHE807,0425969153
GMA259,0493333654
ZDM169,0456475287
FHS469,0475491860
AJB248,0467727901
ERF906,0441219121
OES648,0468639422
CCA801,0466349521
RVY594,0408537934
JYH750,0484007059
MRS807,0456382345
VZW673,0473952291
HMF820,0473224120
RLX226,0432887976
TJP801,0418251779
SFS963,0480306847
ZIG022,0435461678
DZY020,0447099050
KHN390,0478466454
LBC777,0465560084
XQS352,0494712162
BQT725,0475880854
YOT176,0422707409
PHM420,0491729565
ANG582,0429191234
CLV107,0449120495
NBP323,0472872954
IFZ750,0464480603
VCW098,0489624226
YSQ071,0499476367
JPP479,0427754887
GGF158,0425876807
QJF940,0449574378
REP876,0410453400
CIP034,0440360107
VKS395,0419263836
DQW472,0430275996
KQM235,0461928072
FQG231,0403711281
OCA620,0449958149
IAT008,0403559093
MKC981,0455173255
ZZT645,0464041129
ADK183,0420616588
EWW178,0407483556
XNH207,0422367208
PLS785,0458171819
BTA980,0439023104
JEF360,0486756982
DRZ845,0419064800
TUO858,0450475189
WET209,0443276569
PTU220,0483214304
ICD623,0466481104
SXX071,0462481397
VGW386,0472352662
WVN413,0454368091
HUS425,0416415692
DWD737,0495073177
AFW176,0444297145
JLQ669,0404433883
NZD616,0493478269
WJB670,0403526868
TGY216,0475741389
YOW375,0442705975
FMO283,0482056318
PNZ821,0460037797
DXR816,0499524633
JXV655,0422347815
RVG093,0448912876
WUR089,0480558469
XFW352,0496872655
VFR881,0410531483
RWW498,0460624430
NKG193,0400694259
LBX268,0424339486
WRU325,0443284374
PQG024,0461759188
OSA028,0467076210
NPJ381,0443691006
UFS342,0451797681
SZU572,0408918742
XIT171,0431050519
DNX463,0479789972
PZZ534,0445883607
CTQ937,0420256346
UHB805,0494854250
IUZ629,0472922145
IPP172,0495640531
RJG734,0408699829
ADR826,0417943775
IVK180,0438452314
QKM342,0438419231
OXB060,0426559379
YAB910,0468276154
XIG414,0431337838
TKP303,0465603289
NVJ717,0424524785
FOF719,0484149868
KSU996,0462811572
CWA031,0483289380
BUK330,0489330950
NIU037,0438693919
ZGR663,0417174569
QCB528,0478967972
SMR746,0473425234
KUV119,0490856157
EUC554,0485161833
XHC452,0471747372
NQQ534,0469971533
XJH028,0430984706
DAC177,0431067482
ENE180,0497884955
LSH578,0401845570
IQN794,0454420528
OHM366,0419696945
DFN900,0410413543
LWC744,0461982310
GEA161,0458455077
UQV185,0495306697
TFO088,0472217253
EDX753,0421510187
NEC385,0481257891
MOY446,0489316119
HES311,0460055025
HPF788,0479095815
JPT205,0450697087
SZI374,0418434603
ULD649,0462112724
LBG323,0429781114
RWJ609,0459719657
GQB893,0401301335
AHS488,0484379391
GWA589,0428029298
CCR696,0461865407
LOA876,0482254205
DXO377,0487900263
MTG947,0439247024
SKN631,0443955426
MNL471,0450596256
SMA878,0412489770
PBJ018,0422779298
EDC739,0467856088
PJZ808,0476617003
MPR787,0454952405
OQX629,0405111315
QSR207,0427577196
EQS857,0412412630
JLR963,0404517020
FUQ749,0429185768
OCC486,0466730829
WNZ486,0424244070
VNW572,0469588203
FZF506,0480266794
GFD119,0449923775
NRZ895,0437045115
JOF121,0485208294
BEK780,0464774168
WVH257,0485088686
UGL026,0493878947
PYW561,0479161581
OCJ039,0418557615
ZIX689,0435149174
CVV091,0456163210
ZGB963,0493381082
RAD751,0488753518
RBZ400,0401742681
LAC920,0404350581
LCM231,0471271318
GJR805,0410813637
FYF608,0426862798
OAB739,0435787336
DNU010,0406741459
UAV481,0421211403
VKH810,0462031957
WNN028,0436088635
WCW247,0411945829
VTF133,0471817815
IFM407,0474862480
VXD518,0436836711
GUF058,0429587229
GNR113,0496351302
GVN045,0470937656
ZPU993,0417335193
FCE749,0429533910
HHB359,0497311089
PHV208,0449661910
NXN442,0444967945
UMV108,0474391820
LHE372,0430602953
PKI554,0426729554
SYP530,0422263321
WBJ142,0493869074
GDZ800,0421134600
IMZ551,0485044708
ZTO052,0486742516
QPJ369,0437302106
VMF665,0446245729
YAX294,0416684006
OEC700,0436523432
ZFW041,0492610434
YNB017,0427250552
DHG226,0477917428
TSN813,0498656762
SKR545,0457668647
EIC419,0432442567
UJF533,0400599948
OZC585,0497339499
VWH636,0439474689
EWK324,0409422253
MNU285,0427867844
AMB728,0421241381
HOQ721,0497097105
BVX676,0456711773
IWP615,0409936986
QES254,0412902405
CDB135,0465422636
AYU018,0405348863
UJH871,0436411903
UAC415,0467162168
CXX972,0460877869
GOR936,0430297683
TMK877,0456496617
BUP292,0426714025
STD333,0495239323
IYS410,0444587310
ZUU143,0467025974
DKU949,0413275216
IPS805,0488313385
KEZ956,0450756203
ONK432,0424814684
NRR348,0497349118
FJK483,0447454841
OYQ664,0428203464
PJZ036,0482574806
VLA794,0470518532
HOO546,0436145441
CJV660,0446840591
TAR250,0400405956
ACH631,0436546017
YLE667,0452604733
XVL149,0452590791
GKN267,0418798081
YAO564,0443600557
DTI744,0450380841
XXH121,0407755937
SNE372,0483603387
UXA310,0419778716
WNA592,0462232025
GGC743,0498926572
HOA883,0485519061
UTQ064,0426378231
AMO314,0472844895
CJV961,0406839765
LFF725,0467441395
VZT019,0478679556
BTX340,0423851342
DHY374,0487465586
CWP346,0415116884
AUA886,0400148362
YMH189,0487738854
BVC864,0417244935
DDY804,0402754917
ASE053,0429368126
BDQ334,0442478142
OVS848,0415935251
LIV364,0413997766
ANG885,0412057500
UUC187,0450456643
JQD635,0462823115
FEW847,0490166312
OBK242,0457900466
UPD139,0458614033
UBM590,0406905978
HFI963,0407935295
RXZ617,0428266714
WJI154,0458404291
PQR458,0465932467
RTG940,0413996805
OKX617,0446284570
ZCH635,0483509214
STL682,0453141678
XJJ445,0440728799
WYY637,0454836598
WRL820,0403434751
WYB888,0499847767
BJS836,0452415604
NOK186,0459414582
VIC147,0489301584
IZZ302,0467202127
YUS231,0475960549
JDD826,0456776769
AHR081,0466849663
CYG314,0420382484
UDC152,0482104260
MUB000,0428560918
YAO816,0488160736
HJY988,0426552347
RBN468,0458850766
HHD923,0463019542
BID016,0426960683
NWS708,0414039213
LVJ238,0428416515
VBX870,0406052127
DDM831,0401828200
QZH481,0425566974
ZWP904,0468899711
NTM614,0494226842
XFU054,0422332446
REG404,0420547265
SXI938,0490843829
JMX752,0413259064
WLT149,0474889027
RKW430,0466917857
TCK893,0462798274
LYP612,0426352096
AYP147,0417755930
WJP864,0454005356
DDO023,0492098678
FYV495,0416111428
LQG490,0447132101
KWD286,0474393097
ZTL023,0466754244
WQL702,0401397107
UTQ324,0482645368
XVT080,0457086927
WZU239,0466234820
ZLA985,0447976745
ZKE488,0433905365
JAQ928,0491781956
UDP964,0429271973
FIP603,0479461646
NRK334,0450730112
PKH565,0444462767
UYZ942,0446927456
BOR464,0497854154
LPT309,0497868059
PES075,0495032940
BYY460,0491441962
TBU099,0410970023
VHA067,0421242772
GCJ880,0431381302
ZQW335,0463717244
HQR713,0425972598
JVH271,0492384578
PSV330,0453971277
VNI590,0441271718
NTR854,0441300509
KAT537,0486709989
CTB243,0490969285
KFX808,0494169860
PHP600,0450062780
NLB673,0469106757
WIG413,0432284183
WWL109,0498482114
DKL325,0474495195
XLA205,0413594350
CPS653,0403227931
FGG033,0448034350
HPZ026,0491551004
QSM853,0451549711
CFB411,0442064285
KAQ521,0482503449
WFD022,0496613633
TZU515,0491453343
HII291,0448482350
RQU317,0416217272
ERW895,0469118540
FGA491,0464717855
BUB479,0431092782
OCJ350,0424608869
DTT715,0459833403
LJJ350,0438845446
UEM357,0444659072
JUE269,0463503339
NDR402,0410584338
YXO179,0487703539
JEE109,0496216091
ISU701,0461990265
AFY168,0495506134
BCB360,0418816845
THB254,0448742424
ZNN443,0417848763
TCQ105,0496985022
DWH147,0497149099
PAY824,0464714614
NDU436,0451650230
MYY392,0423502791
BPQ338,0494703711
GJZ641,0489023501
ZTM269,0484985824
CIZ344,0410131272
QNE100,0414838058
BRJ671,0469551593
XXQ929,0472492590
RGS983,0434878598
RJA897,0452861652
FUB202,0433341323
PYT840,0471625344
HUV761,0488995223
YUO113,0416741001
XAS660,0400283208
NXP302,0452654823
MLV868,0413630049
KVO366,0455632624
FZC067,0479623712
PBQ903,0461537117
LTN981,0402619860
SBG661,0458303203
FRE240,0472540459
GEN961,0431163066
FDF985,0477603322
YHW072,0411117909
NPQ981,0428898965
DPJ215,0415975059
FNT740,0487677743
UGK935,0418341442
ACA544,0415902913
IRS697,0423247813
LWL774,0422476886
SGF712,0454197385
SSI329,0407189441
WAS481,0434044197
GKX078,0438892810
TBS308,0493760032
LJH821,0415801145
QJX637,0490786366
LOU249,0498098887
NIB571,0465609324
VQH319,0482137523
NMI407,0472063327
SQG098,0493474309
CDV026,0429607878
LER393,0430834449
ZRL379,0421075292
CWF243,0482453425
JYN074,0428654715
PRA089,0448183694
CWN090,0415290352
LRC627,0486331596
RWP550,0482896143
WYD831,0484103562
VFW043,0439787384
UCT695,0445928919
CIG031,0467628104
IXB828,0440272923
DOO837,0410517089
YUU518,0498536459
OFZ215,0406024948
GMD246,0486773335
OJC567,0488442116
NZQ995,0436403622
OGL714,0416177498
PKW320,0498462036
BZH107,0473365912
CQP971,0442640303
JZY775,0409257621
DJI758,0438654134
SZW417,0462593066
LEM014,0457218123
VED192,0417749495
AEZ009,0433682295
MRD273,0442550657
PYG174,0464199062
EVD997,0469336802
RAE732,0479552140
MEM850,0487088134
EID920,0451762410
RFD314,0497803781
XKG827,0485668302
MEH310,0497510185
ILZ966,0410915590
MTN938,0428989954
TAO548,0464561031
VUW349,0459160582
BXG623,0432200478
WAI978,0420439028
BKD843,0420924497
DPN395,0468666909
ZSV987,0440801586
WSU313,0451877074
CRU102,0429711875
RES031,0458222218
DDB946,0444559062
GYT811,0471909632
KZW704,0412601018
REY747,0420358178
SNO977,0446454813
SRE347,0459611929
IAI604,0412777543
XUF937,0491721621
FAV649,0456805439
EOZ653,0471537123
RGJ334,0493183487
QJW168,0491127866
VFD086,0487673698
JWY805,0433729500
KPM089,0457747953
JBK985,0483100451
GBD308,0435117315
LEY494,0482529896
FUE609,0439363920
PHS449,0498129324
LNQ758,0413861807
HNS076,0412993596
MXT522,0482451802
VDB117,0413563121
QFP040,0471573808
VSB512,0499251544
FIJ132,0488567153
RFQ383,0436181270
PVP298,0449341344
RRZ866,0467889687
PJI283,0439992079
JQW006,0442034067
VDT127,0436644000
QSE232,0427690161
UNT899,0417095088
VYU756,0465541207
RGV531,0429881978
RTB003,0417701591
MYO879,0431188427
QNH083,0458845503
YZQ497,0420054533
BKY080,0482581923
GAL412,0474373328
XSA633,0461025260
WUS358,0442341893
VOC715,0449287730
QKJ298,0486996737
VJZ312,0404205221
LIB786,0400414667
NFG409,0473910937
RRU414,0450936278
WND876,0402765678
VIK702,0467207916
GLH184,0484523063
JBM822,0455901553
LZD959,0428331861
BKK852,0467945048
WKB977,0494775384
IVC962,0446307246
TKC524,0472544869
MNM195,0445399347
ISC336,0460296020
SCN674,0487792549
FEU419,0428053061
GRH504,0453892872
SLX251,0408970432
NBZ550,0421389661
QIZ079,0488603418
NCD513,0443951688
JPQ514,0481164192
HMV938,0492722685
LSV052,0479871898
PEC343,0442720053
PYX439,0469776661
QRZ397,0406646894
IJN932,0459214379
TFC264,0424476094
AJZ265,0446571674
MRS267,0459144947
FGD959,0430676413
TJA758,0403704541
XVN696,0487664847
FXB401,0424905421
UTM941,0450555302
AAC789,0444958909
ZIO849,0426806550
VCN114,0451857106
DZV258,0499867527
MJM140,0429350304
HWS840,0401580808
HPM877,0464029897
TXN226,0410116281
TZD269,0460732025
UFH216,0409340473
FMW841,0407250138
EPR418,0489667088
XWO651,0472235324
JAA243,0426797766
YFH425,0447723777
GSX189,0424565866
BDC575,0435938416
ZIB151,0477550062
NVH864,0497044403
EHF181,0418451624
TRW450,0425688829
ZVJ125,0452645728
WPF789,0404400658
UVB162,0437329999
HPW621,0474983676
GNB015,0411398610
WFV603,0484987261
RYL411,0451477125
FHT021,0423808717
QKB482,0441778200
YAY955,0462943298
PXA608,0425588356
QEG040,0499409857
BMQ235,0401186027
IFC437,0414230384
FFZ422,0460313697
NJR410,0410682465
VOS350,0429498884
NJK172,0483664010
KWG842,0486822683
XSF409,0408625677
DQY266,0406032136
HNO779,0446980705
IHH627,0413228821
LCO913,0495267759
PHH584,0412398265
GZZ478,0478100640
LZZ538,0426913264
NNW388,0460494361
GVY928,0407966934
OOQ444,0407221608
WAK514,0483566231
TVV301,0484459420
PNP410,0479290665
DYI486,0457318090
QWL725,0426339437
VWR506,0478678345
WYQ607,0460090146
KJO498,0465378189
SRB294,0465600684
KUY071,0470066609
RSV566,0493907932
RIG791,0452032284
IAM456,0462143673
IUC418,0401472204
WXS952,0486724905
RRS532,0470277489
DWZ903,0499968983
RMN485,0475058638
GEX552,0456659346
HLO369,0467551173
WMY538,0467797684
TLR456,0443564086
NIM847,0495911783
WXB710,0448586817
ZGU600,0473304832
XXX741,0463562631
VIB752,0499708491
UCN276,0458664168
IKV689,0476674517
XYB771,0405058329
WUR386,0446310699
KDI691,0489854965
DOR470,0406999474
EQG113,0457805099
NXT112,0449574857
VYJ684,0488821531
KUM575,0445530468
SFF418,0414707628
NJS309,0480022136
UOU722,0485743073
LLU508,0452105596
WRS631,0416298556
HHE569,0435158702
QDO584,0475035140
PJZ139,0427872710
SZV966,0435829477
UES722,0455212684
AFO389,0421456909
WUR352,0463594109
UTW056,0484664572
MCU927,0473949317
HQF766,0478640898
EZE190,0446239538
PKK051,0480603242
DYD925,0435175604
UJB973,0446538554
SBW713,0495699077
DRX056,0417759085
PSI306,0429449634
QPD285,0486035700
BQZ030,0475838175
QSE870,0431014503
WOG457,0456211219
LBB765,0490205826
MEV094,0484625021
MJL059,0415800969
BZD061,0492053886
BHC572,0448468965
TVE381,0463620391
WFQ615,0418351533
ROE036,0444999968
SBK804,0434066722
UPJ063,0402285116
OFJ113,0452774201
HWK766,0419741061
ORZ734,0430739129
OAX509,0472798120
QCP787,0487854602
KBU441,0476985859
CIT215,0452279396
BUX933,0468098890
EWQ952,0489967852
NTK162,0417852781
JKW861,0410573322
XCK639,0442884791
VQD165,0408598971
TVK110,0438555527
PAC625,0433454176
DRZ895,0461859785
ICO950,0424673196
FQE795,0496938232
SLI416,0463306621
BPA322,0441780298
FOQ225,0439595340
QKY622,0418894777
AZB313,0442563889
EDX585,0453113155
GNL208,0427475680
IUF818,0403070922
EOI782,0413791715
IQG922,0410995984
QTB513,0466126157
FMQ866,0470330070
EBT782,0441752120
ULO551,0477945700
HSI900,0471562079
YUD770,0425584280
TON609,0432903939
AMU491,0461022998
PXO111,0435988764
SLH703,0446064218
UUE621,0456528844
GIQ359,0474607696
COX677,0487995083
AOG811,0465677012
PLO517,0419308495
OKE620,0499108867
EKN625,0418837545
LRE128,0433432110
FUM185,0495353092
BST965,0426149038
TBB774,0481944015
PAE426,0424209631
BHI000,0468354795
JCU093,0415013560
CQN680,0423027420
XDF567,0495438024
ZQC872,0467238544
FEY891,0403895987
RAK970,0436129103
AEZ586,0485464361
RKX027,0422239671
TDW880,0489776991
SRH595,0478020025
GAW084,0495365755
IZY951,0433505393
RTK680,0436039996
GZC941,0407541651
OVZ243,0416618306
LQC378,0450462008
GKG368,0402151219
HBD928,0413411778
GPD604,0476019575
LZO632,0412432111
LQF532,0451971010
BTS407,0446865484
JLC193,0441016182
HRW360,0427399917
ERU295,0441945142
QJU223,0430763188
WKY442,0431893350
RGC958,0423024879
LUA114,0473352572
KMX798,0419706613
TNZ723,0475630165
SWH439,0432500521
PBI515,0406130124
KLK267,0404528461
ZMG239,0499006008
FRB595,0479641310
ZLL243,0496896735
GSE973,0404777930
HOQ110,0433115487
SIF103,0455117970
EQL211,0433505007
QYR469,0414952892
FNN751,0427566980
BYK857,0462583179
DPM946,0439552681
BCT588,0497427126
YWK459,0494413239
OAM505,0403468041
EDC235,0485577817
YIH756,0468762780
JMZ845,0486100003
QCS731,0425607277
XUH501,0415440592
WVA770,0495662789
PSD929,0436653335
YJW844,0469000897
QVE992,0454027100
LAQ209,0491821275
YJW944,0407161583
NOC112,0431102229
GRU281,0488245113
RVM334,0468947925
VXX441,0495549831
EHN942,0486388408
MXP646,0443531247
QDR150,0424554813
FNJ563,0429935123
MCF821,0489935652
QPA791,0493638429
QVZ862,0417641630
VLJ405,0419882752
GEM183,0493164814
TTA111,0481406022
YBF769,0483807168
CAN414,0426539407
ONV371,0455094543
IOJ535,0424063516
RMV482,0417167536
TVY880,0401518492
SNJ401,0428051801
XSS354,0438026017
OZK483,0417859842
JMF300,0483164774
QKC617,0448548829
AJT069,0471499775
JBY528,0482886203
ZDE995,0473072939
MOQ739,0471186391
EWH867,0430108848
UPX279,0431720185
GNO890,0429499623
QPB760,0441234763
NMO188,0437531470
PFE034,0493902969
MEZ294,0451087246
FWA641,0408682792
SYX229,0434056742
SLR437,0459682976
FIK853,0424717517
YIO452,0401985716
UXQ137,0491488588
WMS596,0458506183
HBS827,0469016364
TCJ170,0497882034
WQV201,0447339954
RYJ461,0484337383
VEE512,0494098428
KOH824,0498658241
CGG760,0474693065
CBQ743,0458954845
BUN938,0418493639
DLX980,0453680553
HJE209,0425721161
ENJ736,0488516901
NUP785,0460628739
GCQ316,0420251712
MXZ292,0408657885
VZR337,0456402526
OGC919,0421340285
UKU323,0423197703
DWN605,0433829929
TQM443,0406690822
YTN261,0424045378
VLQ749,0403473568
MBK900,0412211855
DIN574,0480494843
XRC884,0414494107
KNP684,0483553181
HWA200,0408041015
OIU272,0405138498
GZB040,0475514770
QOV115,0489267237
HED764,0457050970
VWW812,0428446627
GYD785,0415204208
ECN548,0437739685
PDA129,0449146183
OXJ034,0442314424
BQS749,0406984422
RCD190,0448655174
KQW773,0407643637
HVO330,0491115014
IAA843,0478549101
MDR226,0464124685
NPF188,0494943031
YLC871,0427048195
KLL740,0491299073
VGN041,0427783423
YNA372,0439945291
SSW276,0416813504
UAS816,0456536040
EUX966,0416345197
KCG799,0401175650
XNZ512,0467736469
UPT644,0486430081
FYJ260,0443011273
LNW885,0450255881
VHC633,0491273486
DHK191,0483761519
QDB157,0434992519
RZZ523,0454649159
BNK264,0458497747
MYY064,0425632566
GTK692,0437308166
NGI047,0452731397
ZUV018,0453840055
ERQ057,0488578674
FKA796,0487442554
BYT979,0440536515
DYL281,0430152410
WVT768,0477123622
HTS189,0458006004
ZFK406,0451307530
IVI672,0403843161
VRS828,0448813276
HCM097,0474870527
YDZ903,0402756652
RJV514,0455207465
LOU311,0459263599
ZCB430,0495497121
NFY817,0479656845
KCF444,0428364479
YLZ371,0433983396
SUT367,0413269441
GKX110,0445185782
SGY977,0421298952
JGS838,0430313874
QVL360,0486165402
TWH721,0445792746
CIH126,0497654084
DFL087,0487160597
QHJ172,0482012080
HBU057,0410678637
XKC828,0406428263
VRB898,0468426956
OWZ137,0413253587
YOC850,0449310755
OGD767,0489607063
QVC629,0424284810
RAH691,0411326165
XSG928,0495181548
JAR380,0443208015
NAQ821,0404200030
DFN813,0481526337
EIO464,0451247061
EXW483,0443524402
UVY645,0462304650
ISO460,0471716549
LJU752,0489738492
JGM010,0422386536
NQQ924,0447089456
XLY896,0431818869
JRB741,0497064040
CNZ621,0482603686
VUW610,0460066796
LWM554,0440238163
DWW808,0454054101
OJC729,0423920148
NOI021,0494161856
KDQ579,0404133669
GHF932,0430292866
CYH327,0425441063
SCS106,0444897273
ZTS348,0435482402
IAF630,0471122238
ZQU955,0461305537
WIT257,0415825545
QQU840,0486095719
IDF536,0426321226
WKS360,0493572499
SZR915,0478014848
VVS598,0458659031
YZZ655,0425853485
OJT178,0452528559
ANE759,0481751840
AJX044,0465435942
JIW487,0472760208
GMH974,0469655205
UJX854,0498543663
NUH639,0453541343
MIL855,0443348188
UUQ034,0413820879
YNG006,0422839239
YGK230,0434639270
FJO876,0425242472
QME401,0442668021
TMR286,0445529155
LQU741,0418000757
EBL170,0444509788
UWI044,0405907304
NOX746,0471033827
ECS398,0465255654
DOP842,0463423655
UGI304,0426593869
JJK523,0409487046
OGU083,0441772925
WIT428,0459241879
XFE234,0471741558
RGD383,0438000494
HKQ783,0408050642
IAY190,0402186240
NVU872,0412918818
UVK615,0476195628
TPK687,0483191253
DWP446,0468978513
ZTA831,0414389438
CIK475,0418057021
FEC784,0486354628
SSW532,0449856202
MGY700,0404431142
TON055,0469563970
HUU147,0403803294
BWO856,0476666970
VZR173,0446252150
WQG962,0417646702
XSR916,0459515776
CZG838,0436315647
LUR400,0411865981
VCG984,0454152333
BXU881,0413836761
UDR304,0417977636
XOP215,0491432279
JJQ161,0498932196
VIP340,0430441776
NDP679,0448268766
DPE996,0409726269
EXK752,0481122265
YNQ262,0414737189
VFN505,0466985495
BDS259,0433046967
MMC032,0491997158
ZCU264,0410393014
EOE721,0438780703
ZSS669,0438329241
KKN746,0463575178
IJG404,0434307616
OSM144,0496366305
CKD112,0493501975
CXM417,0429685750
ZEZ468,0426285555
HZS694,0429139308
NTQ829,0420814648
BKO628,0440736641
DWB626,0413531655
RXP436,0441022632
LHX976,0431123886
IMR307,0415493964
SDG171,0470517716
QTK812,0478553979
AVS811,0403911061
QVK914,0456095744
OXG581,0494917544
WCQ511,0461971742
HEB246,0402430646
NHM395,0464780532
GGI726,0484170264
YNP389,0444750459
ILS991,0421661609
RZK470,0491504322
HBE908,0455498207
DZE530,0409097553
FQP930,0435139249
JOA113,0472669850
DUP602,0403658101
TZF429,0498054890
EFA859,0422780772
CNF565,0494103774
QYL211,0412537591
GRE728,0428670425
AHQ097,0442195103
NDV955,0457960178
CQI824,0404246873
LTE397,0497865313
LDA175,0441838949
WIY546,0493397207
GKI454,0425480978
YCP989,0447847313
RTS761,0405428703
MKF686,0499008475
GJT801,0434373326
DOJ551,0426204074
GSD687,0495512369
KQS283,0420673893
PSF460,0418549367
SEL127,0489691470
MRK856,0456918077
VCY013,0442486896
ZMY922,0474043562
YXQ756,0409101958
AVZ344,0487605437
XVG615,0417189975
VHJ927,0416976127
HJY063,0451909751
ORV510,0411841446
UHK523,0420609994
ICH183,0420468568
SWM940,0437522313
ZJM662,0455493908
OOJ758,0443747772
LRS542,0401177671
YKW309,0450701950
YAW875,0492841177
SVI906,0450651042
XNL485,0435614682
SFP350,0475348402
QPB692,0433626407
TAV949,0451983760
MAQ794,0418734775
VVI473,0499133699
SIB845,0415480754
GKU428,0401250482
PTH906,0481274169
ARM335,0401517815
SBY156,0462043215
AYE283,0451680223
XPQ863,0435490025
VJX867,0432770277
RCH510,0451777481
UGD962,0403857941
IXB333,0463650467
DEH262,0432763244
TRL910,0441577960
LCP581,0474575633
SAH397,0433742319
YEL913,0495510504
QYS558,0435372911
LGE834,0403462562
LKV979,0450450681
MKQ857,0471467274
COM219,0404130327
GWC639,0433517991
JTW244,0453035342
HRP241,0412611738
WUF825,0480090546
TJU015,0484576384
CTC444,0422527445
ZIM698,0475156004
WUW321,0489208180
SJN205,0461821359
QAF478,0461861871
CVK024,0422269157
VDO488,0442863194
YTI516,0413768611
PIG719,0444974710
SCW032,0453304250
ATA555,0463020993
GIL818,0456882390
PPS571,0467146203
IIF991,0454109780
GBN994,0414531720
GWY077,0493198275
SWT314,0484973014
LFT881,0418379828
BQU487,0454470965
IJL109,0497718597
FCQ732,0490902365
OQM824,0441354248
PAR603,0447641183
NBL603,0414734784
FUM542,0404645566
QSY162,0416460474
NAG089,0471745154
NZO306,0477888638
JTN136,0444862460
LXU792,0457787087
AEU735,0401760806
AYI318,0483112964
ZFO949,0411674453
FQR012,0445255119
MKF883,0465441328
LFB546,0405877326
GYD146,0403457447
INO459,0402257528
OOK856,0468416618
VRT829,0499832552
VUU167,0475675160
SLA858,0460537998
HWV156,0452749505
EVX446,0426711723
PZO269,0462286172
DIC942,0411065081
JOD535,0494381349
XOC084,0465152735
QTG791,0417411905
YFS363,0486417428
BBR652,0439676835
MBB526,0414518115
NJR498,0442357915
DIE613,0488114050
LJP697,0491173378
DDC330,0477970162
OJY078,0451894180
JIZ526,0494995096
PLV096,0414935115
HLP080,0472561335
RLO064,0452391463
XBZ119,0423510981
UMW130,0411913981
LNM659,0489077245
AKV456,0468161124
XSZ617,0457832112
RUF869,0494127063
RFL620,0424730378
LOG425,0452961158
JMH923,0467355402
FJP387,0499553352
XPA358,0455901142
TEN473,0412501821
EGX046,0498324995
VYU163,0447288514
WKR648,0451511458
XXW571,0477375790
ZXF973,0448569611
QUT668,0467798740
UQM750,0492892165
YCX576,0487673144
VSW458,0488031425
EMD165,0474425774
SLU511,0496348508
IGC703,0468710610
PVT659,0441105500
UWJ551,0475090628
TJO198,0443585578
CJF591,0419620779
QYO991,0497888503
BCM785,0480206447
FLM427,0419965621
KKZ521,0438473169
LMX002,0491507392
EYU892,0421088736
PIC015,0418621438
JUB403,0443013051
EEJ472,0442227398
EWR725,0498296750
HCF239,0444982141
HMM967,0447644317
NCK245,0438243833
STZ034,0459723812
BLM696,0409138879
VPY248,0423512823
ACL978,0445339268
KHU444,0402620479
SYV818,0470411087
VTU512,0488922565
LOK577,0470144058
XKI822,0468993525
NBO523,0447028849
IRR560,0404122603
HZL800,0444280090
PVH562,0486445240
GUD335,0420715301
LGV619,0456496016
TUW790,0487431437
ALH208,0467975744
OBR046,0484067697
TUE363,0467649533
PCZ636,0467719551
IGS418,0449108953
AMK670,0458284268
NQQ275,0470509078
WPM779,0446213175
NPM734,0426019172
CNO272,0403697983
SVB791,0424663947
MAR508,0425966042
PKZ303,0456896387
GUS419,0454455017
PBK811,0408967536
ANR278,0403940890
FIO368,0491128734
JZS056,0478161843
CGQ472,0444885199
QGP837,0419582364
WYF655,0491098983
WTX217,0439124478
BAY001,0489747802
ZDJ805,0416727735
ZEM553,0422477818
NUS279,0429442642
KQX605,0476948251
NXE271,0488785866
FAM965,0483789372
NYR705,0483998258
DDV900,0494860693
UTI479,0411697185
ZMN200,0470021173
ICR791,0479996527
KVP161,0401678340
KZP253,0427622629
RPQ013,0438206295
PUV512,0409819682
WYF151,0434740453
ANS561,0499031416
ILQ946,0408129991
KAK542,0464726283
IKH355,0434948646
RNC684,0485534537
UYD709,0409991241
OMH271,0417719534
ZUE638,0406941587
DXG405,0438583425
CEA684,0402237854
PFW402,0406198114
PKN993,0432896140
PKH088,0470096981
KZM501,0465202546
SWL144,0492973387
IOG919,0428471014
SXQ547,0409655251
TNJ679,0437012293
NAD533,0487572540
ZVR853,0427038031
PSM562,0471560343
PIP126,0424424521
LXQ395,0430380035
CPS886,0457912578
VXT570,0464625760
WAN704,0429621445
ZAA604,0480493950
JFP193,0427519565
LCW605,0474227427
JAA896,0453291575
BTG004,0422084308
OFP524,0455555560
KNU305,0420858673
IFK529,0473814116
ASI224,0432603616
TOZ574,0481393688
GOM164,0450070406
BPQ801,0425286312
XBG122,0440579871
AZU658,0492591173
ELX462,0419685557
CIN955,0479042379
ILP723,0404831982
MPK002,0484876359
JXU012,0456893146
AWU587,0454599477
ULH621,0496638829
DSZ374,0474228153
GGV014,0496203476
MCE572,0410316073
PWB627,0453904149
WAN640,0472957800
APD964,0495353508
ALA090,0418672696
NEE345,0474575549
EQP426,0443430935
YFY619,0443089799
FXB581,0408691642
WFN383,0417599973
FXW050,0427515469
UXJ494,0467100177
VDW627,0456106755
DHH896,0468438120
QDI557,0439852614
DKL486,0427720298
SYA829,0476086460
URU555,0496799830
OHU685,0443215162
GLB837,0480107869
PJN926,0423439028
CIU049,0427402068
KLA948,0476430300
BCF756,0410466546
VXM026,0451061943
AZV507,0406930859
APK165,0440489538
VRA841,0430469374
NTK860,0483216644
RMV378,0404843120
LXR960,0449188406
LKZ733,0403116912
OUR143,0468001389
BTY266,0422853572
MIC005,0453017522
KNU453,0497834211
PAD019,0425258532
WHX262,0473407916
ECM699,0472799936
WPP181,0417048858
UZT681,0406444676
BWV712,0415046080
QPB182,0438302967
GLU036,0424548981
WCL732,0420950643
QGD120,0424374734
XJN051,0464045469
SVS667,0476314476
AEU259,0429068112
ZCX948,0430284429
FEP491,0482230939
AON189,0406555658
IPT641,0430371875
CZY177,0429008011
SLT195,0417738722
YDA990,0418325260
YBB612,0413845179
YAT685,0429080537
OWW448,0456812307
GYP887,0481685224
ZLH796,0478554841
WZT285,0405198996
WTJ015,0454669917
EBO995,0481582802
WNN875,0493226393
ZDG726,0479377915
JDG424,0443256343
ZSE928,0498492724
SAU650,0455466126
KPV812,0455924966
OYU744,0410630982
QAO322,0442698883
MQC449,0423101437
KWP344,0474419444
CWS903,0434656125
VIX954,0497790463
DQH704,0402335377
DMU500,0495598363
TLD774,0429199684
IWV011,0469647051
LQP025,0484721072
NUO860,0427285064
OWK090,0488220751
GGD191,0462197124
VUB107,0400159092
SAM056,0406265136
YSF598,0489495278
PCK723,0437569448
BAK735,0488311357
DPQ215,0454264399
UTX889,0412869433
VWG457,0477778003
JOL151,0451934246
YWV137,0473926897
KGQ705,0464448322
PUE437,0492515629
KLO410,0494915220
QHM204,0465813633
ZET553,0415599064
MGW231,0465453721
AYI508,0492984216
ANW404,0473049179
MQN820,0448896140
FXA050,0461319394
ENN836,0410634033
EMD812,0458582793
RRG630,0486606556
ASY313,0454068218
LSZ448,0414985188
TGO829,0455137120
ZIV669,0408586910
QDL009,0446033469
XVB274,0436406040
YJS520,0406102003
JMU723,0486791046
KJG292,0416237600
LCX232,0427830481
TIH484,0499410789
OKC375,0436067026
BEY855,0434737940
AGO312,0424318748
PXU345,0485775968
IUK998,0483929790
LJJ354,0453662606
QYC077,0443139742
KUS109,0467227070
STY372,0454203220
KOX020,0456531950
KLO450,0408105724
WPO638,0493983007
MKU627,0448187064
GRM844,0424327561
STS990,0414814281
BNU590,0425598906
XWX142,0495877065
UAV822,0481697181
